"country","dem_support","n","se","lower","upper"
"United States",72,1200,1.29614813968157,69.4595496462241,74.5404503537759
"United Kingdom",68,1000,1.47512711316686,65.1087508581929,70.8912491418071
"Germany",65,950,1.54749372926202,61.9669122906464,68.0330877093536
"France",61,1100,1.47062139000059,58.1175820755988,63.8824179244012
"Japan",54,800,1.76210101867061,50.5462820034056,57.4537179965944
"Brazil",48,600,2.03960780543711,44.0023687013433,51.9976312986567
"India",42,750,1.80222085217101,38.4676471297448,45.5323528702552
"Nigeria",38,500,2.17071416819442,33.7454002303389,42.2545997696611
